{"v":"5.5.7","meta":{"g":"LottieFiles AE ","a":"","k":"","d":"","tc":""},"fr":60,"ip":0,"op":240,"w":100,"h":100,"nm":"Viktor Cubes ","ddd":0,"assets":[],"layers":[{"ddd":0,"ind":1,"ty":1,"nm":"Mask","td":1,"sr":1,"ks":{"o":{"a":0,"k":100,"ix":11},"r":{"a":0,"k":0,"ix":10},"p":{"a":0,"k":[50,50,0],"ix":2},"a":{"a":0,"k":[37,50,0],"ix":1},"s":{"a":0,"k":[100,100,100],"ix":6}},"ao":0,"hasMask":true,"masksProperties":[{"inv":false,"mode":"a","pt":{"a":0,"k":{"i":[[22.091,0],[0,-1.657],[-22.091,0],[0,1.657]],"o":[[-22.091,0],[0,1.657],[22.091,0],[0,-1.657]],"v":[[37,74],[-3,77],[37,80],[77,77]],"c":true},"ix":1},"o":{"a":0,"k":100,"ix":3},"x":{"a":0,"k":0,"ix":4},"nm":"Mask 3"},{"inv":false,"mode":"a","pt":{"a":0,"k":{"i":[[0,0],[0,0],[0,0],[0,0]],"o":[[0,0],[0,0],[0,0],[0,0]],"v":[[67,20],[7,20],[7,77],[67,77]],"c":true},"ix":1},"o":{"a":0,"k":100,"ix":3},"x":{"a":0,"k":0,"ix":4},"nm":"Mask 2"}],"sw":100,"sh":100,"sc":"#262626","ip":0,"op":240,"st":0,"bm":0},{"ddd":0,"ind":2,"ty":4,"nm":"cube_left Outlines","tt":1,"sr":1,"ks":{"o":{"a":0,"k":100,"ix":11},"r":{"a":1,"k":[{"i":{"x":[0.514],"y":[1]},"o":{"x":[0.333],"y":[0]},"t":8,"s":[0]},{"i":{"x":[0.81],"y":[1]},"o":{"x":[0.377],"y":[0]},"t":48,"s":[360]},{"i":{"x":[0.833],"y":[1]},"o":{"x":[0.167],"y":[0]},"t":68,"s":[420]},{"i":{"x":[0.833],"y":[1]},"o":{"x":[0.167],"y":[0]},"t":103,"s":[590]},{"i":{"x":[0.833],"y":[1]},"o":{"x":[0.167],"y":[0]},"t":123,"s":[650]},{"i":{"x":[0.833],"y":[1]},"o":{"x":[0.167],"y":[0]},"t":168,"s":[820]},{"t":198,"s":[980]}],"ix":10},"p":{"a":1,"k":[{"i":{"x":0.667,"y":1},"o":{"x":0.383,"y":0},"t":8,"s":[37,108,0],"to":[0,-7.028,0],"ti":[0,13.885,0]},{"i":{"x":1,"y":1},"o":{"x":0.651,"y":0},"t":48,"s":[37,34.034,0],"to":[0,-3.566,0],"ti":[0,0,0]},{"i":{"x":0.667,"y":1},"o":{"x":0.167,"y":0},"t":68,"s":[37,64,0],"to":[0,0,0],"ti":[0,13.885,0]},{"i":{"x":1,"y":1},"o":{"x":0.651,"y":0},"t":103,"s":[37,34.034,0],"to":[0,-3.566,0],"ti":[0,0,0]},{"i":{"x":0.667,"y":1},"o":{"x":0.167,"y":0},"t":123,"s":[37,63,0],"to":[0,0,0],"ti":[0,13.885,0]},{"i":{"x":0.667,"y":1},"o":{"x":0.651,"y":0},"t":168,"s":[37,34.034,0],"to":[0,-3.566,0],"ti":[0,8.833,0]},{"t":198,"s":[37,108,0]}],"ix":2},"a":{"a":0,"k":[12,12,0],"ix":1},"s":{"a":0,"k":[100,100,100],"ix":6}},"ao":0,"shapes":[{"ty":"gr","it":[{"ind":0,"ty":"sh","ix":1,"ks":{"a":0,"k":{"i":[[1.123,0.301],[0.302,-1.123],[-1.123,-0.301],[-0.301,1.123]],"o":[[-1.123,-0.301],[-0.301,1.124],[1.123,0.301],[0.301,-1.123]],"v":[[6.544,-5.489],[3.965,-4.001],[5.454,-1.422],[8.032,-2.911]],"c":true},"ix":2},"nm":"Path 1","mn":"ADBE Vector Shape - Group","hd":false},{"ind":1,"ty":"sh","ix":2,"ks":{"a":0,"k":{"i":[[1.123,0.301],[0.3,-1.123],[-1.123,-0.301],[-0.301,1.123]],"o":[[-1.123,-0.301],[-0.301,1.123],[1.123,0.301],[0.3,-1.123]],"v":[[-2.946,-8.032],[-5.524,-6.543],[-4.036,-3.965],[-1.457,-5.453]],"c":true},"ix":2},"nm":"Path 2","mn":"ADBE Vector Shape - Group","hd":false},{"ind":2,"ty":"sh","ix":3,"ks":{"a":0,"k":{"i":[[1.123,0.301],[0.301,-1.123],[-1.123,-0.301],[-0.301,1.123]],"o":[[-1.123,-0.301],[-0.301,1.123],[1.123,0.302],[0.301,-1.123]],"v":[[0.527,-2.016],[-2.051,-0.527],[-0.562,2.051],[2.016,0.563]],"c":true},"ix":2},"nm":"Path 3","mn":"ADBE Vector Shape - Group","hd":false},{"ind":3,"ty":"sh","ix":4,"ks":{"a":0,"k":{"i":[[1.123,0.302],[0.301,-1.124],[-1.123,-0.301],[-0.3,1.123]],"o":[[-1.123,-0.301],[-0.302,1.123],[1.123,0.3],[0.301,-1.123]],"v":[[4.001,4],[1.423,5.49],[2.911,8.068],[5.489,6.579]],"c":true},"ix":2},"nm":"Path 4","mn":"ADBE Vector Shape - Group","hd":false},{"ind":4,"ty":"sh","ix":5,"ks":{"a":0,"k":{"i":[[1.123,0.301],[0.301,-1.124],[-1.123,-0.301],[-0.301,1.123]],"o":[[-1.123,-0.301],[-0.301,1.123],[1.123,0.3],[0.301,-1.123]],"v":[[-5.489,1.458],[-8.067,2.947],[-6.579,5.525],[-4,4.036]],"c":true},"ix":2},"nm":"Path 5","mn":"ADBE Vector Shape - Group","hd":false},{"ind":5,"ty":"sh","ix":6,"ks":{"a":0,"k":{"i":[[0,0],[0.602,-2.246],[0,0],[2.247,0.601],[0,0],[-0.601,2.246],[0,0],[-2.246,-0.602]],"o":[[2.246,0.602],[0,0],[-0.602,2.246],[0,0],[-2.247,-0.602],[0,0],[0.601,-2.246],[0,0]],"v":[[8.808,-8.515],[11.785,-3.358],[8.516,8.843],[3.358,11.821],[-8.842,8.551],[-11.82,3.394],[-8.55,-8.807],[-3.394,-11.784]],"c":true},"ix":2},"nm":"Path 6","mn":"ADBE Vector Shape - Group","hd":false},{"ty":"mm","mm":1,"nm":"Merge Paths 1","mn":"ADBE Vector Filter - Merge","hd":false},{"ty":"fl","c":{"a":0,"k":[0.9254901960784314,0.06666666666666667,0.14901960784313725,1],"ix":4},"o":{"a":0,"k":100,"ix":5},"r":1,"bm":0,"nm":"Fill 1","mn":"ADBE Vector Graphic - Fill","hd":false},{"ty":"tr","p":{"a":0,"k":[12,12],"ix":2},"a":{"a":0,"k":[0,0],"ix":1},"s":{"a":0,"k":[100,100],"ix":3},"r":{"a":0,"k":0,"ix":6},"o":{"a":0,"k":100,"ix":7},"sk":{"a":0,"k":0,"ix":4},"sa":{"a":0,"k":0,"ix":5},"nm":"Transform"}],"nm":"Group 1","np":10,"cix":2,"bm":0,"ix":1,"mn":"ADBE Vector Group","hd":false}],"ip":8,"op":238,"st":8,"bm":0},{"ddd":0,"ind":4,"ty":1,"nm":"Mask","td":1,"sr":1,"ks":{"o":{"a":0,"k":100,"ix":11},"r":{"a":0,"k":0,"ix":10},"p":{"a":0,"k":[50,50,0],"ix":2},"a":{"a":0,"k":[37,50,0],"ix":1},"s":{"a":0,"k":[100,100,100],"ix":6}},"ao":0,"hasMask":true,"masksProperties":[{"inv":false,"mode":"a","pt":{"a":0,"k":{"i":[[22.057,-0.019],[-0.002,-1.726],[-22.057,0.019],[0.002,1.726]],"o":[[-22.057,0.019],[0.002,1.726],[22.057,-0.019],[-0.002,-1.726]],"v":[[36.699,73.875],[-2.986,77.035],[36.705,80.125],[77.015,76.965]],"c":true},"ix":1},"o":{"a":0,"k":100,"ix":3},"x":{"a":0,"k":0,"ix":4},"nm":"Mask 2"},{"inv":false,"mode":"a","pt":{"a":0,"k":{"i":[[0,0],[0,0],[0,0],[0,0]],"o":[[0,0],[0,0],[0,0],[0,0]],"v":[[77,20],[-3,20],[-2.875,77],[77.125,77]],"c":true},"ix":1},"o":{"a":0,"k":100,"ix":3},"x":{"a":0,"k":0,"ix":4},"nm":"Mask 4"}],"sw":100,"sh":100,"sc":"#262626","ip":0,"op":240,"st":0,"bm":0},{"ddd":0,"ind":5,"ty":4,"nm":"cube_right Outlines","tt":1,"sr":1,"ks":{"o":{"a":0,"k":100,"ix":11},"r":{"a":1,"k":[{"i":{"x":[0.514],"y":[1]},"o":{"x":[0.333],"y":[0]},"t":15,"s":[0]},{"i":{"x":[0.81],"y":[1]},"o":{"x":[0.377],"y":[0]},"t":55,"s":[-360]},{"i":{"x":[0.833],"y":[1]},"o":{"x":[0.167],"y":[0]},"t":75,"s":[-420]},{"i":{"x":[0.833],"y":[1]},"o":{"x":[0.167],"y":[0]},"t":110,"s":[-590]},{"i":{"x":[0.833],"y":[1]},"o":{"x":[0.167],"y":[0]},"t":130,"s":[-650]},{"i":{"x":[0.833],"y":[1]},"o":{"x":[0.167],"y":[0]},"t":175,"s":[-820]},{"t":205,"s":[-980]}],"ix":10},"p":{"a":1,"k":[{"i":{"x":0.667,"y":1},"o":{"x":0.433,"y":0},"t":15,"s":[63,104,0],"to":[0,-7.028,0],"ti":[0,13.885,0]},{"i":{"x":1,"y":1},"o":{"x":0.651,"y":0},"t":55,"s":[63,34.033,0],"to":[0,-3.566,0],"ti":[0,0,0]},{"i":{"x":0.667,"y":1},"o":{"x":0.167,"y":0},"t":75,"s":[63,63,0],"to":[0,0,0],"ti":[0,13.885,0]},{"i":{"x":1,"y":1},"o":{"x":0.651,"y":0},"t":110,"s":[63,34.033,0],"to":[0,-3.566,0],"ti":[0,0,0]},{"i":{"x":0.667,"y":1},"o":{"x":0.167,"y":0},"t":130,"s":[63,65,0],"to":[0,0,0],"ti":[0,13.885,0]},{"i":{"x":0.667,"y":1},"o":{"x":0.651,"y":0},"t":175,"s":[63,34.033,0],"to":[0,-3.566,0],"ti":[0,8.833,0]},{"t":205,"s":[63,104,0]}],"ix":2},"a":{"a":0,"k":[12.5,12,0],"ix":1},"s":{"a":0,"k":[100,-100,100],"ix":6}},"ao":0,"shapes":[{"ty":"gr","it":[{"ind":0,"ty":"sh","ix":1,"ks":{"a":0,"k":{"i":[[1.123,-0.301],[-0.301,-1.123],[-1.123,0.301],[0.301,1.123]],"o":[[-1.123,0.301],[0.301,1.124],[1.123,-0.301],[-0.302,-1.123]],"v":[[2.875,-8.067],[1.387,-5.489],[3.965,-4],[5.454,-6.578]],"c":true},"ix":2},"nm":"Path 1","mn":"ADBE Vector Shape - Group","hd":false},{"ind":1,"ty":"sh","ix":2,"ks":{"a":0,"k":{"i":[[1.123,-0.301],[-0.301,-1.123],[-1.123,0.301],[0.301,1.123]],"o":[[-1.123,0.301],[0.301,1.123],[1.122,-0.301],[-0.3,-1.123]],"v":[[-0.598,-2.051],[-2.087,0.528],[0.492,2.016],[1.98,-0.562]],"c":true},"ix":2},"nm":"Path 2","mn":"ADBE Vector Shape - Group","hd":false},{"ind":2,"ty":"sh","ix":3,"ks":{"a":0,"k":{"i":[[1.123,-0.301],[-0.3,-1.123],[-1.123,0.3],[0.301,1.124]],"o":[[-1.123,0.301],[0.302,1.123],[1.123,-0.301],[-0.301,-1.123]],"v":[[-4.072,3.965],[-5.561,6.544],[-2.982,8.033],[-1.493,5.454]],"c":true},"ix":2},"nm":"Path 3","mn":"ADBE Vector Shape - Group","hd":false},{"ind":3,"ty":"sh","ix":4,"ks":{"a":0,"k":{"i":[[0,0],[-0.601,-2.246],[0,0],[2.247,-0.603],[0,0],[0.602,2.246],[0,0],[-2.247,0.602]],"o":[[2.246,-0.602],[0,0],[0.602,2.246],[0,0],[-2.246,0.602],[0,0],[-0.603,-2.246],[0,0]],"v":[[3.323,-11.819],[8.479,-8.842],[11.749,3.359],[8.771,8.516],[-3.43,11.785],[-8.586,8.808],[-11.855,-3.394],[-8.878,-8.55]],"c":true},"ix":2},"nm":"Path 4","mn":"ADBE Vector Shape - Group","hd":false},{"ty":"mm","mm":1,"nm":"Merge Paths 1","mn":"ADBE Vector Filter - Merge","hd":false},{"ty":"fl","c":{"a":0,"k":[0.9254901960784314,0.06666666666666667,0.14901960784313725,1],"ix":4},"o":{"a":0,"k":100,"ix":5},"r":1,"bm":0,"nm":"Fill 1","mn":"ADBE Vector Graphic - Fill","hd":false},{"ty":"tr","p":{"a":0,"k":[12.351,12],"ix":2},"a":{"a":0,"k":[0,0],"ix":1},"s":{"a":0,"k":[100,100],"ix":3},"r":{"a":0,"k":0,"ix":6},"o":{"a":0,"k":100,"ix":7},"sk":{"a":0,"k":0,"ix":4},"sa":{"a":0,"k":0,"ix":5},"nm":"Transform"}],"nm":"Group 1","np":8,"cix":2,"bm":0,"ix":1,"mn":"ADBE Vector Group","hd":false}],"ip":15,"op":243,"st":15,"bm":0},{"ddd":0,"ind":7,"ty":4,"nm":"Portal","sr":1,"ks":{"o":{"a":0,"k":100,"ix":11},"r":{"a":0,"k":0,"ix":10},"p":{"a":0,"k":[50,77,0],"ix":2},"a":{"a":0,"k":[0,26.75,0],"ix":1},"s":{"a":1,"k":[{"i":{"x":[0.409,0.409,0.667],"y":[1,1,1]},"o":{"x":[0.333,0.333,0.333],"y":[0,0,0]},"t":0,"s":[0,0,100]},{"i":{"x":[0.409,0.409,0.667],"y":[1,1,1]},"o":{"x":[0.333,0.333,0.333],"y":[0,0,0]},"t":15,"s":[135,100,100]},{"i":{"x":[0.667,0.667,0.667],"y":[1,1,1]},"o":{"x":[0.591,0.591,0.333],"y":[0,0,0]},"t":35,"s":[135,100,100]},{"i":{"x":[0.833,0.833,0.833],"y":[1,1,1]},"o":{"x":[0.167,0.167,0.167],"y":[0,0,0]},"t":50,"s":[0,0,100]},{"i":{"x":[0.409,0.409,0.667],"y":[1,1,1]},"o":{"x":[0.333,0.333,0.333],"y":[0,0,0]},"t":165,"s":[0,0,100]},{"i":{"x":[0.409,0.409,0.667],"y":[1,1,1]},"o":{"x":[0.333,0.333,0.333],"y":[0,0,0]},"t":180,"s":[135,100,100]},{"i":{"x":[0.667,0.667,0.667],"y":[1,1,1]},"o":{"x":[0.591,0.591,0.333],"y":[0,0,0]},"t":200,"s":[135,100,100]},{"t":215,"s":[0,0,100]}],"ix":6}},"ao":0,"shapes":[{"ty":"gr","it":[{"d":1,"ty":"el","s":{"a":0,"k":[60,6],"ix":2},"p":{"a":0,"k":[0,0],"ix":3},"nm":"Ellipse Path 1","mn":"ADBE Vector Shape - Ellipse","hd":false},{"ty":"fl","c":{"a":0,"k":[0.109803921569,0.109803921569,0.109803921569,1],"ix":4},"o":{"a":0,"k":100,"ix":5},"r":1,"bm":0,"nm":"Fill 1","mn":"ADBE Vector Graphic - Fill","hd":false},{"ty":"tr","p":{"a":0,"k":[0,26.75],"ix":2},"a":{"a":0,"k":[0,0],"ix":1},"s":{"a":0,"k":[100,100],"ix":3},"r":{"a":0,"k":0,"ix":6},"o":{"a":0,"k":100,"ix":7},"sk":{"a":0,"k":0,"ix":4},"sa":{"a":0,"k":0,"ix":5},"nm":"Transform"}],"nm":"Ellipse 1","np":3,"cix":2,"bm":0,"ix":1,"mn":"ADBE Vector Group","hd":false}],"ip":0,"op":240,"st":0,"bm":0}],"markers":[]}